metric,axis,rows,cols,status,seconds,generation_seconds,baseline_mb,peak_mb,n_results,error
accuracy_dataRange,rows,1000,12,ok,0.0018675000173971057,0.008353958022780716,190.59375,190.84375,4,
accuracy_dataRange,rows,10000,12,ok,0.0019392920657992363,0.022655167034827173,195.40625,195.65625,4,
accuracy_dataRange,rows,100000,12,ok,0.0039010420441627502,0.1711642500013113,281.015625,282.96875,4,
accuracy_dataRange,rows,1000000,12,ok,0.04800783307291567,1.9216104169609025,795.765625,795.765625,4,
accuracy_dataRange,cols,10000,6,ok,0.0011509170290082693,0.012071083998307586,202.09375,202.25,2,
accuracy_dataRange,cols,10000,12,ok,0.0021037919213995337,0.02385262493044138,187.65625,187.9375,4,
accuracy_dataRange,cols,10000,24,ok,0.0033508329652249813,0.04567262507043779,197.71875,198.03125,8,
accuracy_dataRange,cols,10000,48,ok,0.0055360839469358325,0.08417937497142702,230.859375,231.015625,16,
accuracy_dataRange,cols,10000,78,ok,0.009977458044886589,0.304447166970931,258.84375,259.0,26,
accuracy_outlierRisk,rows,1000,12,ok,0.007423333008773625,0.006067750044167042,201.359375,201.625,4,
accuracy_outlierRisk,rows,10000,12,ok,0.0082246670499444,0.02268979197833687,205.53125,205.84375,4,
accuracy_outlierRisk,rows,100000,12,ok,0.031081333989277482,0.16738758306019008,285.40625,289.171875,4,
accuracy_outlierRisk,rows,1000000,12,ok,0.3418655829736963,2.2702736250357702,796.65625,796.65625,4,
accuracy_outlierRisk,cols,10000,6,ok,0.004947665962390602,0.011943125049583614,202.40625,202.671875,2,
accuracy_outlierRisk,cols,10000,12,ok,0.008163875085301697,0.02248449996113777,205.203125,205.515625,4,
accuracy_outlierRisk,cols,10000,24,ok,0.015506042051129043,0.04270454100333154,211.640625,211.640625,8,
accuracy_outlierRisk,cols,10000,48,ok,0.02958570804912597,0.08888416597619653,230.84375,231.15625,16,
accuracy_outlierRisk,cols,10000,78,ok,0.048253500019200146,0.13728962501045316,258.0625,258.328125,26,
accuracy_semanticReference,rows,1000,12,ok,0.004710500012151897,0.006523250020109117,195.75,196.03125,12,
accuracy_semanticReference,rows,10000,12,ok,0.012233667075634003,0.023132791044190526,190.8125,191.1875,12,
accuracy_semanticReference,rows,100000,12,ok,0.1338277079630643,0.191509791999124,272.890625,274.375,12,
accuracy_semanticReference,rows,1000000,12,ok,1.39604479202535,2.575266750063747,680.59375,680.59375,12,
accuracy_semanticReference,cols,10000,6,ok,0.010777958086691797,0.018379166023805737,181.28125,181.28125,6,
accuracy_semanticReference,cols,10000,12,ok,0.013475916930474341,0.03939645900391042,171.171875,171.171875,12,
accuracy_semanticReference,cols,10000,24,ok,0.023644749890081584,0.04642633395269513,196.75,197.09375,24,
accuracy_semanticReference,cols,10000,48,ok,0.045490332995541394,0.09046424995176494,215.875,216.265625,48,
accuracy_semanticReference,cols,10000,78,ok,0.18094591703265905,0.20034112501889467,235.453125,235.8125,78,
accuracy_syntacticDomain,rows,1000,12,ok,0.0038979160599410534,0.009988542064093053,180.609375,181.09375,2,
accuracy_syntacticDomain,rows,10000,12,ok,0.006144499988295138,0.023116667056456208,195.21875,195.59375,2,
accuracy_syntacticDomain,rows,100000,12,ok,0.04136629099957645,0.1635611669626087,287.25,288.453125,2,
accuracy_syntacticDomain,rows,1000000,12,ok,0.6121661670040339,2.4452831249218434,796.890625,796.890625,2,
accuracy_syntacticDomain,cols,10000,6,ok,0.003566750092431903,0.013924375060014427,189.375,189.75,1,
accuracy_syntacticDomain,cols,10000,12,ok,0.00550983299035579,0.023042542045004666,205.3125,205.59375,2,
accuracy_syntacticDomain,cols,10000,24,ok,0.011177083943039179,0.044848458957858384,198.03125,198.515625,4,
accuracy_syntacticDomain,cols,10000,48,ok,0.021472875028848648,0.08422208297997713,221.4375,221.84375,8,
accuracy_syntacticDomain,cols,10000,78,ok,0.03427854203619063,0.1388687080470845,245.828125,245.828125,13,
completeness_nullRatio,rows,1000,12,ok,0.037457957980223,0.006151708075776696,198.921875,202.5,12000,
completeness_nullRatio,rows,10000,12,ok,0.43534241698216647,0.025471125030890107,190.875,266.859375,120000,
completeness_nullRatio,rows,100000,12,ok,6.728047249955125,0.16634908400010318,280.53125,967.40625,1200000,
completeness_nullRatio,rows,1000000,12,timeout,,,,,,exceeded 120.0s
completeness_nullRatio,cols,10000,6,ok,0.28632275003474206,0.015490291989408433,202.28125,242.015625,60000,
completeness_nullRatio,cols,10000,12,ok,0.4215068749617785,0.022707125055603683,205.828125,285.25,120000,
completeness_nullRatio,cols,10000,24,ok,1.1908455000957474,0.042283707996830344,213.78125,374.203125,240000,
completeness_nullRatio,cols,10000,48,ok,2.7184302089735866,0.0819657500833273,230.921875,519.0625,480000,
completeness_nullRatio,cols,10000,78,ok,3.7079456249484792,0.13571345806121826,258.109375,783.671875,780000,
consistency_countFDViolations,rows,1000,12,ok,0.005383166950196028,0.010953084100037813,201.53125,202.078125,1,
consistency_countFDViolations,rows,10000,12,ok,0.005542665952816606,0.028997624991461635,205.375,205.90625,1,
consistency_countFDViolations,rows,100000,12,ok,0.04202775005251169,0.1546088750474155,300.984375,304.90625,1,
consistency_countFDViolations,rows,1000000,12,ok,0.5445468749385327,1.5606044590240344,1248.125,1249.703125,1,
consistency_countFDViolations,cols,10000,6,ok,0.004178042057901621,0.012542500044219196,202.25,202.75,1,
consistency_countFDViolations,cols,10000,12,ok,0.004045250010676682,0.02277100004721433,205.0625,205.59375,1,
consistency_countFDViolations,cols,10000,24,ok,0.004199915914796293,0.04204058297909796,213.71875,214.25,1,
consistency_countFDViolations,cols,10000,48,ok,0.005121958092786372,0.09127145796082914,202.4375,203.90625,1,
consistency_countFDViolations,cols,10000,78,ok,0.005618707975372672,0.1433789998991415,258.953125,259.609375,1,
consistency_ruleBasedHinrichs,rows,1000,12,ok,0.004326416063122451,0.0063331249402835965,201.359375,202.125,1000,
consistency_ruleBasedHinrichs,rows,10000,12,ok,0.03694962500594556,0.022376292035914958,205.265625,211.96875,10000,
consistency_ruleBasedHinrichs,rows,100000,12,ok,0.4347378750098869,0.15886474994476885,301.1875,369.71875,100000,
consistency_ruleBasedHinrichs,rows,1000000,12,ok,8.465274833026342,2.019955665920861,1038.265625,1062.671875,1000000,
consistency_ruleBasedHinrichs,cols,10000,6,ok,0.039001792087219656,0.01805629103910178,202.171875,208.890625,10000,
consistency_ruleBasedHinrichs,cols,10000,12,ok,0.03706545801833272,0.022661417024210095,205.28125,212.078125,10000,
consistency_ruleBasedHinrichs,cols,10000,24,ok,0.057947958004660904,0.058085374999791384,213.71875,217.671875,10000,
consistency_ruleBasedHinrichs,cols,10000,48,ok,0.0376857080264017,0.08421216695569456,230.859375,237.609375,10000,
consistency_ruleBasedHinrichs,cols,10000,78,ok,0.03683404205366969,0.13949883298482746,258.0625,264.640625,10000,
consistency_ruleBasedPipino,rows,1000,12,ok,0.004510917002335191,0.006454957998357713,201.359375,202.140625,1000,
consistency_ruleBasedPipino,rows,10000,12,ok,0.0340467500500381,0.022857542033307254,205.25,211.984375,10000,
consistency_ruleBasedPipino,rows,100000,12,ok,0.41050741693470627,0.16011249995790422,301.15625,352.9375,100000,
consistency_ruleBasedPipino,rows,1000000,12,ok,5.371375709073618,1.839292332995683,1097.90625,1097.90625,1000000,
consistency_ruleBasedPipino,cols,10000,6,ok,0.03398570790886879,0.011729542049579322,202.078125,208.8125,10000,
consistency_ruleBasedPipino,cols,10000,12,ok,0.03472445800434798,0.02278687502257526,205.109375,211.84375,10000,
consistency_ruleBasedPipino,cols,10000,24,ok,0.03400491701904684,0.041751708020456135,209.84375,216.65625,10000,
consistency_ruleBasedPipino,cols,10000,48,ok,0.034298624959774315,0.08344170800410211,230.9375,235.484375,10000,
consistency_ruleBasedPipino,cols,10000,78,ok,0.03407537494786084,0.13862649991642684,258.171875,264.765625,10000,
correctness_heinrich,rows,1000,12,ok,0.1489561250200495,0.009073082939721644,199.171875,200.890625,12000,
correctness_heinrich,rows,10000,12,ok,1.5393801250029355,0.029021084075793624,206.015625,256.421875,120000,
correctness_heinrich,rows,100000,12,ok,19.34063683298882,0.31952354102395475,204.828125,646.890625,1200000,
correctness_heinrich,rows,1000000,12,timeout,,,,,,exceeded 120.0s
correctness_heinrich,cols,10000,6,ok,0.7640259580221027,0.019228541990742087,202.734375,227.953125,60000,
correctness_heinrich,cols,10000,12,ok,1.5734363329829648,0.029681041953153908,206.09375,256.5,120000,
correctness_heinrich,cols,10000,24,ok,3.3655767909949645,0.09173470793757588,195.78125,289.140625,240000,
correctness_heinrich,cols,10000,48,ok,8.708977833972313,0.10783983394503593,233.71875,385.59375,480000,
correctness_heinrich,cols,10000,78,ok,11.840141750057228,0.18632620794232935,247.859375,499.21875,780000,
minimality_clustering,rows,1000,12,ok,91.11001791700255,0.011295542004518211,187.203125,195.203125,1,
minimality_clustering,rows,10000,12,timeout,,,,,,exceeded 120.0s
minimality_clustering,cols,10000,6,timeout,,,,,,exceeded 120.0s
minimality_duplicateCount,rows,1000,12,ok,0.0035770420217886567,0.00985691708046943,201.609375,201.984375,12,
minimality_duplicateCount,rows,10000,12,ok,0.006210374995134771,0.023779834038577974,205.171875,205.5,12,
minimality_duplicateCount,rows,100000,12,ok,0.05581599997822195,0.16096354194451123,286.125,287.125,12,
minimality_duplicateCount,rows,1000000,12,ok,0.7157210409641266,1.6214782920433208,1190.359375,1190.359375,12,
minimality_duplicateCount,cols,10000,6,ok,0.003190999967046082,0.011902666999958456,202.140625,202.46875,6,
minimality_duplicateCount,cols,10000,12,ok,0.008871083962731063,0.03220058395527303,188.953125,189.640625,12,
minimality_duplicateCount,cols,10000,24,ok,0.011802875087596476,0.04611016693525016,200.296875,200.484375,24,
minimality_duplicateCount,cols,10000,48,ok,0.022294374997727573,0.08919170801527798,221.59375,222.265625,48,
minimality_duplicateCount,cols,10000,78,ok,0.04191220900975168,0.14099054201506078,239.296875,239.375,78,
readability_wordnet,rows,1000,12,ok,2.4570912499912083,0.011454833089374006,177.625,335.375,8,
readability_wordnet,rows,10000,12,ok,2.328160332981497,0.02723362494725734,187.9375,321.984375,8,
readability_wordnet,rows,100000,12,ok,4.779534292058088,0.16991925006732345,286.65625,408.96875,8,
readability_wordnet,rows,1000000,12,ok,27.252690541907214,3.7952086670557037,857.859375,857.859375,8,
readability_wordnet,cols,10000,6,ok,2.5880032499553636,0.04095737496390939,153.28125,278.609375,5,
readability_wordnet,cols,10000,12,ok,2.4184900420950726,0.032636749907396734,189.328125,246.765625,8,
readability_wordnet,cols,10000,24,ok,2.2773378340061754,0.04307579202577472,213.734375,405.3125,14,
readability_wordnet,cols,10000,48,ok,3.0346394170774147,0.08841279102489352,223.171875,366.609375,26,
readability_wordnet,cols,10000,78,ok,3.921669540926814,0.14550254098139703,242.34375,382.71875,41,
timeliness_heinrich,rows,1000,12,ok,0.011117332964204252,0.006779207964427769,187.796875,188.8125,1000,
timeliness_heinrich,rows,10000,12,ok,0.0892139170318842,0.024026166065596044,193.90625,196.84375,10000,
timeliness_heinrich,rows,100000,12,ok,0.9285159999271855,0.16113362507894635,288.609375,335.25,100000,
timeliness_heinrich,rows,1000000,12,ok,12.486260832985863,1.8999475829768926,878.28125,878.28125,1000000,
timeliness_heinrich,cols,10000,6,ok,0.09251895803026855,0.015423416043631732,202.375,209.15625,10000,
timeliness_heinrich,cols,10000,12,ok,0.08808291703462601,0.02245729195419699,205.25,212.015625,10000,
timeliness_heinrich,cols,10000,24,ok,0.09193899994716048,0.05011858302168548,214.015625,220.796875,10000,
timeliness_heinrich,cols,10000,48,ok,0.09180970897432417,0.08637787494808435,231.1875,237.984375,10000,
timeliness_heinrich,cols,10000,78,ok,0.08940525003708899,0.13678008306305856,258.203125,265.84375,10000,
validity_outOfVocabulary,rows,1000,12,ok,0.2550084589747712,0.005970292026177049,201.46875,255.171875,12,
validity_outOfVocabulary,rows,10000,12,ok,0.3026860000099987,0.022804124979302287,205.25,257.515625,12,
validity_outOfVocabulary,rows,100000,12,ok,1.6061524589313194,0.1690725419903174,301.109375,328.078125,12,
validity_outOfVocabulary,rows,1000000,12,ok,14.862712166970596,1.955408125068061,877.734375,877.734375,12,
validity_outOfVocabulary,cols,10000,6,ok,0.22633145796135068,0.011582290986552835,202.078125,255.75,6,
validity_outOfVocabulary,cols,10000,12,ok,0.3114558330271393,0.02648191701155156,205.25,257.515625,12,
validity_outOfVocabulary,cols,10000,24,ok,0.596797207952477,0.044195916038006544,213.96875,264.453125,24,
validity_outOfVocabulary,cols,10000,48,ok,0.801830374985002,0.09140737494453788,231.046875,274.5,48,
validity_outOfVocabulary,cols,10000,78,ok,1.1169570001075044,0.13891466695349663,258.109375,302.1875,78,
